[{
    "_id": {
        "$oid": "588aba4d2d029a6d15d0b5ba"
    },
    "name": "Michoacán",
    "country_id": "588ab9d92d029a6d15d0b5b7",
    "cities": ["588ababf2d029a6d15d0b5bf"]
}, {
    "_id": {
        "$oid": "588aba4d2d029a6d15d0b5bb"
    },
    "name": "Querétaro",
    "country_id": "588ab9d92d029a6d15d0b5b7",
    "cities": ["588ababf2d029a6d15d0b5c0"]
}, {
    "_id": {
        "$oid": "588aba4d2d029a6d15d0b5bc"
    },
    "name": "Cundinamrca",
    "country_id": "588ab9d92d029a6d15d0b5b8",
    "cities": ["588ababf2d029a6d15d0b5c2"]
}, {
    "_id": {
        "$oid": "588aba4d2d029a6d15d0b5bd"
    },
    "name": "Antioquia",
    "country_id": "588ab9d92d029a6d15d0b5b8",
    "cities": ["588ababf2d029a6d15d0b5c1"]
}, {
    "_id": {
        "$oid": "588aba4d2d029a6d15d0b5be"
    },
    "name": "Region Metropolitana",
    "country_id": "588ab9d92d029a6d15d0b5b9",
    "cities": ["588ababf2d029a6d15d0b5c3"]
}]
